["^ ","~:output",["^ ","~:js","goog.provide('promethean.ecs.world');\n\n/**\n* @constructor\n * @implements {cljs.core.IRecord}\n * @implements {cljs.core.IKVReduce}\n * @implements {cljs.core.IEquiv}\n * @implements {cljs.core.IHash}\n * @implements {cljs.core.ICollection}\n * @implements {cljs.core.ICounted}\n * @implements {cljs.core.ISeqable}\n * @implements {cljs.core.IMeta}\n * @implements {cljs.core.ICloneable}\n * @implements {cljs.core.IPrintWithWriter}\n * @implements {cljs.core.IIterable}\n * @implements {cljs.core.IWithMeta}\n * @implements {cljs.core.IAssociative}\n * @implements {cljs.core.IMap}\n * @implements {cljs.core.ILookup}\n*/\npromethean.ecs.world.World = (function (tick,time_ms,entities,events_in,events_out,effects,env,debug,__meta,__extmap,__hash){\nthis.tick = tick;\nthis.time_ms = time_ms;\nthis.entities = entities;\nthis.events_in = events_in;\nthis.events_out = events_out;\nthis.effects = effects;\nthis.env = env;\nthis.debug = debug;\nthis.__meta = __meta;\nthis.__extmap = __extmap;\nthis.__hash = __hash;\nthis.cljs$lang$protocol_mask$partition0$ = 2230716170;\nthis.cljs$lang$protocol_mask$partition1$ = 139264;\n});\n(promethean.ecs.world.World.prototype.cljs$core$ILookup$_lookup$arity$2 = (function (this__5448__auto__,k__5449__auto__){\nvar self__ = this;\nvar this__5448__auto____$1 = this;\nreturn this__5448__auto____$1.cljs$core$ILookup$_lookup$arity$3(null,k__5449__auto__,null);\n}));\n\n(promethean.ecs.world.World.prototype.cljs$core$ILookup$_lookup$arity$3 = (function (this__5450__auto__,k21369,else__5451__auto__){\nvar self__ = this;\nvar this__5450__auto____$1 = this;\nvar G__21402 = k21369;\nvar G__21402__$1 = (((G__21402 instanceof cljs.core.Keyword))?G__21402.fqn:null);\nswitch (G__21402__$1) {\ncase \"tick\":\nreturn self__.tick;\n\nbreak;\ncase \"time-ms\":\nreturn self__.time_ms;\n\nbreak;\ncase \"entities\":\nreturn self__.entities;\n\nbreak;\ncase \"events-in\":\nreturn self__.events_in;\n\nbreak;\ncase \"events-out\":\nreturn self__.events_out;\n\nbreak;\ncase \"effects\":\nreturn self__.effects;\n\nbreak;\ncase \"env\":\nreturn self__.env;\n\nbreak;\ncase \"debug\":\nreturn self__.debug;\n\nbreak;\ndefault:\nreturn cljs.core.get.cljs$core$IFn$_invoke$arity$3(self__.__extmap,k21369,else__5451__auto__);\n\n}\n}));\n\n(promethean.ecs.world.World.prototype.cljs$core$IKVReduce$_kv_reduce$arity$3 = (function (this__5468__auto__,f__5469__auto__,init__5470__auto__){\nvar self__ = this;\nvar this__5468__auto____$1 = this;\nreturn cljs.core.reduce.cljs$core$IFn$_invoke$arity$3((function (ret__5471__auto__,p__21406){\nvar vec__21407 = p__21406;\nvar k__5472__auto__ = cljs.core.nth.cljs$core$IFn$_invoke$arity$3(vec__21407,(0),null);\nvar v__5473__auto__ = cljs.core.nth.cljs$core$IFn$_invoke$arity$3(vec__21407,(1),null);\nreturn (f__5469__auto__.cljs$core$IFn$_invoke$arity$3 ? f__5469__auto__.cljs$core$IFn$_invoke$arity$3(ret__5471__auto__,k__5472__auto__,v__5473__auto__) : f__5469__auto__.call(null,ret__5471__auto__,k__5472__auto__,v__5473__auto__));\n}),init__5470__auto__,this__5468__auto____$1);\n}));\n\n(promethean.ecs.world.World.prototype.cljs$core$IPrintWithWriter$_pr_writer$arity$3 = (function (this__5463__auto__,writer__5464__auto__,opts__5465__auto__){\nvar self__ = this;\nvar this__5463__auto____$1 = this;\nvar pr_pair__5466__auto__ = (function (keyval__5467__auto__){\nreturn cljs.core.pr_sequential_writer(writer__5464__auto__,cljs.core.pr_writer,\"\",\" \",\"\",opts__5465__auto__,keyval__5467__auto__);\n});\nreturn cljs.core.pr_sequential_writer(writer__5464__auto__,pr_pair__5466__auto__,\"#promethean.ecs.world.World{\",\", \",\"}\",opts__5465__auto__,cljs.core.concat.cljs$core$IFn$_invoke$arity$2(new cljs.core.PersistentVector(null, 8, 5, cljs.core.PersistentVector.EMPTY_NODE, [(new cljs.core.PersistentVector(null,2,(5),cljs.core.PersistentVector.EMPTY_NODE,[new cljs.core.Keyword(null,\"tick\",\"tick\",-835886976),self__.tick],null)),(new cljs.core.PersistentVector(null,2,(5),cljs.core.PersistentVector.EMPTY_NODE,[new cljs.core.Keyword(null,\"time-ms\",\"time-ms\",2090254395),self__.time_ms],null)),(new cljs.core.PersistentVector(null,2,(5),cljs.core.PersistentVector.EMPTY_NODE,[new cljs.core.Keyword(null,\"entities\",\"entities\",1940967403),self__.entities],null)),(new cljs.core.PersistentVector(null,2,(5),cljs.core.PersistentVector.EMPTY_NODE,[new cljs.core.Keyword(null,\"events-in\",\"events-in\",-1539478718),self__.events_in],null)),(new cljs.core.PersistentVector(null,2,(5),cljs.core.PersistentVector.EMPTY_NODE,[new cljs.core.Keyword(null,\"events-out\",\"events-out\",108767118),self__.events_out],null)),(new cljs.core.PersistentVector(null,2,(5),cljs.core.PersistentVector.EMPTY_NODE,[new cljs.core.Keyword(null,\"effects\",\"effects\",-282369292),self__.effects],null)),(new cljs.core.PersistentVector(null,2,(5),cljs.core.PersistentVector.EMPTY_NODE,[new cljs.core.Keyword(null,\"env\",\"env\",-1815813235),self__.env],null)),(new cljs.core.PersistentVector(null,2,(5),cljs.core.PersistentVector.EMPTY_NODE,[new cljs.core.Keyword(null,\"debug\",\"debug\",-1608172596),self__.debug],null))], null),self__.__extmap));\n}));\n\n(promethean.ecs.world.World.prototype.cljs$core$IIterable$_iterator$arity$1 = (function (G__21368){\nvar self__ = this;\nvar G__21368__$1 = this;\nreturn (new cljs.core.RecordIter((0),G__21368__$1,8,new cljs.core.PersistentVector(null, 8, 5, cljs.core.PersistentVector.EMPTY_NODE, [new cljs.core.Keyword(null,\"tick\",\"tick\",-835886976),new cljs.core.Keyword(null,\"time-ms\",\"time-ms\",2090254395),new cljs.core.Keyword(null,\"entities\",\"entities\",1940967403),new cljs.core.Keyword(null,\"events-in\",\"events-in\",-1539478718),new cljs.core.Keyword(null,\"events-out\",\"events-out\",108767118),new cljs.core.Keyword(null,\"effects\",\"effects\",-282369292),new cljs.core.Keyword(null,\"env\",\"env\",-1815813235),new cljs.core.Keyword(null,\"debug\",\"debug\",-1608172596)], null),(cljs.core.truth_(self__.__extmap)?cljs.core._iterator(self__.__extmap):cljs.core.nil_iter())));\n}));\n\n(promethean.ecs.world.World.prototype.cljs$core$IMeta$_meta$arity$1 = (function (this__5446__auto__){\nvar self__ = this;\nvar this__5446__auto____$1 = this;\nreturn self__.__meta;\n}));\n\n(promethean.ecs.world.World.prototype.cljs$core$ICloneable$_clone$arity$1 = (function (this__5443__auto__){\nvar self__ = this;\nvar this__5443__auto____$1 = this;\nreturn (new promethean.ecs.world.World(self__.tick,self__.time_ms,self__.entities,self__.events_in,self__.events_out,self__.effects,self__.env,self__.debug,self__.__meta,self__.__extmap,self__.__hash));\n}));\n\n(promethean.ecs.world.World.prototype.cljs$core$ICounted$_count$arity$1 = (function (this__5452__auto__){\nvar self__ = this;\nvar this__5452__auto____$1 = this;\nreturn (8 + cljs.core.count(self__.__extmap));\n}));\n\n(promethean.ecs.world.World.prototype.cljs$core$IHash$_hash$arity$1 = (function (this__5444__auto__){\nvar self__ = this;\nvar this__5444__auto____$1 = this;\nvar h__5251__auto__ = self__.__hash;\nif((!((h__5251__auto__ == null)))){\nreturn h__5251__auto__;\n} else {\nvar h__5251__auto____$1 = (function (coll__5445__auto__){\nreturn (2003790820 ^ cljs.core.hash_unordered_coll(coll__5445__auto__));\n})(this__5444__auto____$1);\n(self__.__hash = h__5251__auto____$1);\n\nreturn h__5251__auto____$1;\n}\n}));\n\n(promethean.ecs.world.World.prototype.cljs$core$IEquiv$_equiv$arity$2 = (function (this21370,other21371){\nvar self__ = this;\nvar this21370__$1 = this;\nreturn (((!((other21371 == null)))) && ((((this21370__$1.constructor === other21371.constructor)) && (((cljs.core._EQ_.cljs$core$IFn$_invoke$arity$2(this21370__$1.tick,other21371.tick)) && (((cljs.core._EQ_.cljs$core$IFn$_invoke$arity$2(this21370__$1.time_ms,other21371.time_ms)) && (((cljs.core._EQ_.cljs$core$IFn$_invoke$arity$2(this21370__$1.entities,other21371.entities)) && (((cljs.core._EQ_.cljs$core$IFn$_invoke$arity$2(this21370__$1.events_in,other21371.events_in)) && (((cljs.core._EQ_.cljs$core$IFn$_invoke$arity$2(this21370__$1.events_out,other21371.events_out)) && (((cljs.core._EQ_.cljs$core$IFn$_invoke$arity$2(this21370__$1.effects,other21371.effects)) && (((cljs.core._EQ_.cljs$core$IFn$_invoke$arity$2(this21370__$1.env,other21371.env)) && (((cljs.core._EQ_.cljs$core$IFn$_invoke$arity$2(this21370__$1.debug,other21371.debug)) && (cljs.core._EQ_.cljs$core$IFn$_invoke$arity$2(this21370__$1.__extmap,other21371.__extmap)))))))))))))))))))));\n}));\n\n(promethean.ecs.world.World.prototype.cljs$core$IMap$_dissoc$arity$2 = (function (this__5458__auto__,k__5459__auto__){\nvar self__ = this;\nvar this__5458__auto____$1 = this;\nif(cljs.core.contains_QMARK_(new cljs.core.PersistentHashSet(null, new cljs.core.PersistentArrayMap(null, 8, [new cljs.core.Keyword(null,\"tick\",\"tick\",-835886976),null,new cljs.core.Keyword(null,\"events-in\",\"events-in\",-1539478718),null,new cljs.core.Keyword(null,\"entities\",\"entities\",1940967403),null,new cljs.core.Keyword(null,\"debug\",\"debug\",-1608172596),null,new cljs.core.Keyword(null,\"env\",\"env\",-1815813235),null,new cljs.core.Keyword(null,\"events-out\",\"events-out\",108767118),null,new cljs.core.Keyword(null,\"effects\",\"effects\",-282369292),null,new cljs.core.Keyword(null,\"time-ms\",\"time-ms\",2090254395),null], null), null),k__5459__auto__)){\nreturn cljs.core.dissoc.cljs$core$IFn$_invoke$arity$2(cljs.core._with_meta(cljs.core.into.cljs$core$IFn$_invoke$arity$2(cljs.core.PersistentArrayMap.EMPTY,this__5458__auto____$1),self__.__meta),k__5459__auto__);\n} else {\nreturn (new promethean.ecs.world.World(self__.tick,self__.time_ms,self__.entities,self__.events_in,self__.events_out,self__.effects,self__.env,self__.debug,self__.__meta,cljs.core.not_empty(cljs.core.dissoc.cljs$core$IFn$_invoke$arity$2(self__.__extmap,k__5459__auto__)),null));\n}\n}));\n\n(promethean.ecs.world.World.prototype.cljs$core$IAssociative$_contains_key_QMARK_$arity$2 = (function (this__5455__auto__,k21369){\nvar self__ = this;\nvar this__5455__auto____$1 = this;\nvar G__21423 = k21369;\nvar G__21423__$1 = (((G__21423 instanceof cljs.core.Keyword))?G__21423.fqn:null);\nswitch (G__21423__$1) {\ncase \"tick\":\ncase \"time-ms\":\ncase \"entities\":\ncase \"events-in\":\ncase \"events-out\":\ncase \"effects\":\ncase \"env\":\ncase \"debug\":\nreturn true;\n\nbreak;\ndefault:\nreturn cljs.core.contains_QMARK_(self__.__extmap,k21369);\n\n}\n}));\n\n(promethean.ecs.world.World.prototype.cljs$core$IAssociative$_assoc$arity$3 = (function (this__5456__auto__,k__5457__auto__,G__21368){\nvar self__ = this;\nvar this__5456__auto____$1 = this;\nvar pred__21424 = cljs.core.keyword_identical_QMARK_;\nvar expr__21425 = k__5457__auto__;\nif(cljs.core.truth_((pred__21424.cljs$core$IFn$_invoke$arity$2 ? pred__21424.cljs$core$IFn$_invoke$arity$2(new cljs.core.Keyword(null,\"tick\",\"tick\",-835886976),expr__21425) : pred__21424.call(null,new cljs.core.Keyword(null,\"tick\",\"tick\",-835886976),expr__21425)))){\nreturn (new promethean.ecs.world.World(G__21368,self__.time_ms,self__.entities,self__.events_in,self__.events_out,self__.effects,self__.env,self__.debug,self__.__meta,self__.__extmap,null));\n} else {\nif(cljs.core.truth_((pred__21424.cljs$core$IFn$_invoke$arity$2 ? pred__21424.cljs$core$IFn$_invoke$arity$2(new cljs.core.Keyword(null,\"time-ms\",\"time-ms\",2090254395),expr__21425) : pred__21424.call(null,new cljs.core.Keyword(null,\"time-ms\",\"time-ms\",2090254395),expr__21425)))){\nreturn (new promethean.ecs.world.World(self__.tick,G__21368,self__.entities,self__.events_in,self__.events_out,self__.effects,self__.env,self__.debug,self__.__meta,self__.__extmap,null));\n} else {\nif(cljs.core.truth_((pred__21424.cljs$core$IFn$_invoke$arity$2 ? pred__21424.cljs$core$IFn$_invoke$arity$2(new cljs.core.Keyword(null,\"entities\",\"entities\",1940967403),expr__21425) : pred__21424.call(null,new cljs.core.Keyword(null,\"entities\",\"entities\",1940967403),expr__21425)))){\nreturn (new promethean.ecs.world.World(self__.tick,self__.time_ms,G__21368,self__.events_in,self__.events_out,self__.effects,self__.env,self__.debug,self__.__meta,self__.__extmap,null));\n} else {\nif(cljs.core.truth_((pred__21424.cljs$core$IFn$_invoke$arity$2 ? pred__21424.cljs$core$IFn$_invoke$arity$2(new cljs.core.Keyword(null,\"events-in\",\"events-in\",-1539478718),expr__21425) : pred__21424.call(null,new cljs.core.Keyword(null,\"events-in\",\"events-in\",-1539478718),expr__21425)))){\nreturn (new promethean.ecs.world.World(self__.tick,self__.time_ms,self__.entities,G__21368,self__.events_out,self__.effects,self__.env,self__.debug,self__.__meta,self__.__extmap,null));\n} else {\nif(cljs.core.truth_((pred__21424.cljs$core$IFn$_invoke$arity$2 ? pred__21424.cljs$core$IFn$_invoke$arity$2(new cljs.core.Keyword(null,\"events-out\",\"events-out\",108767118),expr__21425) : pred__21424.call(null,new cljs.core.Keyword(null,\"events-out\",\"events-out\",108767118),expr__21425)))){\nreturn (new promethean.ecs.world.World(self__.tick,self__.time_ms,self__.entities,self__.events_in,G__21368,self__.effects,self__.env,self__.debug,self__.__meta,self__.__extmap,null));\n} else {\nif(cljs.core.truth_((pred__21424.cljs$core$IFn$_invoke$arity$2 ? pred__21424.cljs$core$IFn$_invoke$arity$2(new cljs.core.Keyword(null,\"effects\",\"effects\",-282369292),expr__21425) : pred__21424.call(null,new cljs.core.Keyword(null,\"effects\",\"effects\",-282369292),expr__21425)))){\nreturn (new promethean.ecs.world.World(self__.tick,self__.time_ms,self__.entities,self__.events_in,self__.events_out,G__21368,self__.env,self__.debug,self__.__meta,self__.__extmap,null));\n} else {\nif(cljs.core.truth_((pred__21424.cljs$core$IFn$_invoke$arity$2 ? pred__21424.cljs$core$IFn$_invoke$arity$2(new cljs.core.Keyword(null,\"env\",\"env\",-1815813235),expr__21425) : pred__21424.call(null,new cljs.core.Keyword(null,\"env\",\"env\",-1815813235),expr__21425)))){\nreturn (new promethean.ecs.world.World(self__.tick,self__.time_ms,self__.entities,self__.events_in,self__.events_out,self__.effects,G__21368,self__.debug,self__.__meta,self__.__extmap,null));\n} else {\nif(cljs.core.truth_((pred__21424.cljs$core$IFn$_invoke$arity$2 ? pred__21424.cljs$core$IFn$_invoke$arity$2(new cljs.core.Keyword(null,\"debug\",\"debug\",-1608172596),expr__21425) : pred__21424.call(null,new cljs.core.Keyword(null,\"debug\",\"debug\",-1608172596),expr__21425)))){\nreturn (new promethean.ecs.world.World(self__.tick,self__.time_ms,self__.entities,self__.events_in,self__.events_out,self__.effects,self__.env,G__21368,self__.__meta,self__.__extmap,null));\n} else {\nreturn (new promethean.ecs.world.World(self__.tick,self__.time_ms,self__.entities,self__.events_in,self__.events_out,self__.effects,self__.env,self__.debug,self__.__meta,cljs.core.assoc.cljs$core$IFn$_invoke$arity$3(self__.__extmap,k__5457__auto__,G__21368),null));\n}\n}\n}\n}\n}\n}\n}\n}\n}));\n\n(promethean.ecs.world.World.prototype.cljs$core$ISeqable$_seq$arity$1 = (function (this__5461__auto__){\nvar self__ = this;\nvar this__5461__auto____$1 = this;\nreturn cljs.core.seq(cljs.core.concat.cljs$core$IFn$_invoke$arity$2(new cljs.core.PersistentVector(null, 8, 5, cljs.core.PersistentVector.EMPTY_NODE, [(new cljs.core.MapEntry(new cljs.core.Keyword(null,\"tick\",\"tick\",-835886976),self__.tick,null)),(new cljs.core.MapEntry(new cljs.core.Keyword(null,\"time-ms\",\"time-ms\",2090254395),self__.time_ms,null)),(new cljs.core.MapEntry(new cljs.core.Keyword(null,\"entities\",\"entities\",1940967403),self__.entities,null)),(new cljs.core.MapEntry(new cljs.core.Keyword(null,\"events-in\",\"events-in\",-1539478718),self__.events_in,null)),(new cljs.core.MapEntry(new cljs.core.Keyword(null,\"events-out\",\"events-out\",108767118),self__.events_out,null)),(new cljs.core.MapEntry(new cljs.core.Keyword(null,\"effects\",\"effects\",-282369292),self__.effects,null)),(new cljs.core.MapEntry(new cljs.core.Keyword(null,\"env\",\"env\",-1815813235),self__.env,null)),(new cljs.core.MapEntry(new cljs.core.Keyword(null,\"debug\",\"debug\",-1608172596),self__.debug,null))], null),self__.__extmap));\n}));\n\n(promethean.ecs.world.World.prototype.cljs$core$IWithMeta$_with_meta$arity$2 = (function (this__5447__auto__,G__21368){\nvar self__ = this;\nvar this__5447__auto____$1 = this;\nreturn (new promethean.ecs.world.World(self__.tick,self__.time_ms,self__.entities,self__.events_in,self__.events_out,self__.effects,self__.env,self__.debug,G__21368,self__.__extmap,self__.__hash));\n}));\n\n(promethean.ecs.world.World.prototype.cljs$core$ICollection$_conj$arity$2 = (function (this__5453__auto__,entry__5454__auto__){\nvar self__ = this;\nvar this__5453__auto____$1 = this;\nif(cljs.core.vector_QMARK_(entry__5454__auto__)){\nreturn this__5453__auto____$1.cljs$core$IAssociative$_assoc$arity$3(null,cljs.core._nth(entry__5454__auto__,(0)),cljs.core._nth(entry__5454__auto__,(1)));\n} else {\nreturn cljs.core.reduce.cljs$core$IFn$_invoke$arity$3(cljs.core._conj,this__5453__auto____$1,entry__5454__auto__);\n}\n}));\n\n(promethean.ecs.world.World.getBasis = (function (){\nreturn new cljs.core.PersistentVector(null, 8, 5, cljs.core.PersistentVector.EMPTY_NODE, [new cljs.core.Symbol(null,\"tick\",\"tick\",804644551,null),new cljs.core.Symbol(null,\"time-ms\",\"time-ms\",-564181374,null),new cljs.core.Symbol(null,\"entities\",\"entities\",-713468366,null),new cljs.core.Symbol(null,\"events-in\",\"events-in\",101052809,null),new cljs.core.Symbol(null,\"events-out\",\"events-out\",1749298645,null),new cljs.core.Symbol(null,\"effects\",\"effects\",1358162235,null),new cljs.core.Symbol(null,\"env\",\"env\",-175281708,null),new cljs.core.Symbol(null,\"debug\",\"debug\",32358931,null)], null);\n}));\n\n(promethean.ecs.world.World.cljs$lang$type = true);\n\n(promethean.ecs.world.World.cljs$lang$ctorPrSeq = (function (this__5494__auto__){\nreturn (new cljs.core.List(null,\"promethean.ecs.world/World\",null,(1),null));\n}));\n\n(promethean.ecs.world.World.cljs$lang$ctorPrWriter = (function (this__5494__auto__,writer__5495__auto__){\nreturn cljs.core._write(writer__5495__auto__,\"promethean.ecs.world/World\");\n}));\n\n/**\n * Positional factory function for promethean.ecs.world/World.\n */\npromethean.ecs.world.__GT_World = (function promethean$ecs$world$__GT_World(tick,time_ms,entities,events_in,events_out,effects,env,debug){\nreturn (new promethean.ecs.world.World(tick,time_ms,entities,events_in,events_out,effects,env,debug,null,null,null));\n});\n\n/**\n * Factory function for promethean.ecs.world/World, taking a map of keywords to field values.\n */\npromethean.ecs.world.map__GT_World = (function promethean$ecs$world$map__GT_World(G__21389){\nvar extmap__5490__auto__ = (function (){var G__21435 = cljs.core.dissoc.cljs$core$IFn$_invoke$arity$variadic(G__21389,new cljs.core.Keyword(null,\"tick\",\"tick\",-835886976),cljs.core.prim_seq.cljs$core$IFn$_invoke$arity$2([new cljs.core.Keyword(null,\"time-ms\",\"time-ms\",2090254395),new cljs.core.Keyword(null,\"entities\",\"entities\",1940967403),new cljs.core.Keyword(null,\"events-in\",\"events-in\",-1539478718),new cljs.core.Keyword(null,\"events-out\",\"events-out\",108767118),new cljs.core.Keyword(null,\"effects\",\"effects\",-282369292),new cljs.core.Keyword(null,\"env\",\"env\",-1815813235),new cljs.core.Keyword(null,\"debug\",\"debug\",-1608172596)], 0));\nif(cljs.core.record_QMARK_(G__21389)){\nreturn cljs.core.into.cljs$core$IFn$_invoke$arity$2(cljs.core.PersistentArrayMap.EMPTY,G__21435);\n} else {\nreturn G__21435;\n}\n})();\nreturn (new promethean.ecs.world.World(new cljs.core.Keyword(null,\"tick\",\"tick\",-835886976).cljs$core$IFn$_invoke$arity$1(G__21389),new cljs.core.Keyword(null,\"time-ms\",\"time-ms\",2090254395).cljs$core$IFn$_invoke$arity$1(G__21389),new cljs.core.Keyword(null,\"entities\",\"entities\",1940967403).cljs$core$IFn$_invoke$arity$1(G__21389),new cljs.core.Keyword(null,\"events-in\",\"events-in\",-1539478718).cljs$core$IFn$_invoke$arity$1(G__21389),new cljs.core.Keyword(null,\"events-out\",\"events-out\",108767118).cljs$core$IFn$_invoke$arity$1(G__21389),new cljs.core.Keyword(null,\"effects\",\"effects\",-282369292).cljs$core$IFn$_invoke$arity$1(G__21389),new cljs.core.Keyword(null,\"env\",\"env\",-1815813235).cljs$core$IFn$_invoke$arity$1(G__21389),new cljs.core.Keyword(null,\"debug\",\"debug\",-1608172596).cljs$core$IFn$_invoke$arity$1(G__21389),null,cljs.core.not_empty(extmap__5490__auto__),null));\n});\n\n/**\n * Create an empty world with default values\n */\npromethean.ecs.world.empty_world = (function promethean$ecs$world$empty_world(){\nreturn promethean.ecs.world.__GT_World((0),(0),cljs.core.PersistentArrayMap.EMPTY,cljs.core.PersistentVector.EMPTY,cljs.core.PersistentVector.EMPTY,cljs.core.PersistentVector.EMPTY,new cljs.core.PersistentArrayMap(null, 3, [new cljs.core.Keyword(null,\"config\",\"config\",994861415),cljs.core.PersistentArrayMap.EMPTY,new cljs.core.Keyword(null,\"clients\",\"clients\",1436018090),cljs.core.PersistentArrayMap.EMPTY,new cljs.core.Keyword(null,\"adapters\",\"adapters\",-1589387507),cljs.core.PersistentArrayMap.EMPTY], null),cljs.core.PersistentArrayMap.EMPTY);\n});\n/**\n * Get entity by ID, returns nil if not found\n */\npromethean.ecs.world.get_entity = (function promethean$ecs$world$get_entity(world,eid){\nreturn cljs.core.get.cljs$core$IFn$_invoke$arity$2(new cljs.core.Keyword(null,\"entities\",\"entities\",1940967403).cljs$core$IFn$_invoke$arity$1(world),eid);\n});\n/**\n * Add a new entity to the world\n */\npromethean.ecs.world.add_entity = (function promethean$ecs$world$add_entity(var_args){\nvar G__21451 = arguments.length;\nswitch (G__21451) {\ncase 3:\nreturn promethean.ecs.world.add_entity.cljs$core$IFn$_invoke$arity$3((arguments[(0)]),(arguments[(1)]),(arguments[(2)]));\n\nbreak;\ndefault:\nvar args_arr__5901__auto__ = [];\nvar len__5876__auto___21544 = arguments.length;\nvar i__5877__auto___21545 = (0);\nwhile(true){\nif((i__5877__auto___21545 < len__5876__auto___21544)){\nargs_arr__5901__auto__.push((arguments[i__5877__auto___21545]));\n\nvar G__21546 = (i__5877__auto___21545 + (1));\ni__5877__auto___21545 = G__21546;\ncontinue;\n} else {\n}\nbreak;\n}\n\nvar argseq__5902__auto__ = ((((4) < args_arr__5901__auto__.length))?(new cljs.core.IndexedSeq(args_arr__5901__auto__.slice((4)),(0),null)):null);\nreturn promethean.ecs.world.add_entity.cljs$core$IFn$_invoke$arity$variadic((arguments[(0)]),(arguments[(1)]),(arguments[(2)]),(arguments[(3)]),argseq__5902__auto__);\n\n}\n});\n\n(promethean.ecs.world.add_entity.cljs$core$IFn$_invoke$arity$3 = (function (world,eid,components){\nreturn cljs.core.update.cljs$core$IFn$_invoke$arity$5(world,new cljs.core.Keyword(null,\"entities\",\"entities\",1940967403),cljs.core.assoc,eid,components);\n}));\n\n(promethean.ecs.world.add_entity.cljs$core$IFn$_invoke$arity$variadic = (function (world,eid,key,value,kvs){\nvar components = cljs.core.apply.cljs$core$IFn$_invoke$arity$4(cljs.core.hash_map,key,value,kvs);\nreturn promethean.ecs.world.add_entity.cljs$core$IFn$_invoke$arity$3(world,eid,components);\n}));\n\n/** @this {Function} */\n(promethean.ecs.world.add_entity.cljs$lang$applyTo = (function (seq21445){\nvar G__21447 = cljs.core.first(seq21445);\nvar seq21445__$1 = cljs.core.next(seq21445);\nvar G__21448 = cljs.core.first(seq21445__$1);\nvar seq21445__$2 = cljs.core.next(seq21445__$1);\nvar G__21449 = cljs.core.first(seq21445__$2);\nvar seq21445__$3 = cljs.core.next(seq21445__$2);\nvar G__21450 = cljs.core.first(seq21445__$3);\nvar seq21445__$4 = cljs.core.next(seq21445__$3);\nvar self__5861__auto__ = this;\nreturn self__5861__auto__.cljs$core$IFn$_invoke$arity$variadic(G__21447,G__21448,G__21449,G__21450,seq21445__$4);\n}));\n\n(promethean.ecs.world.add_entity.cljs$lang$maxFixedArity = (4));\n\n/**\n * Update an entity's components\n */\npromethean.ecs.world.update_entity = (function promethean$ecs$world$update_entity(var_args){\nvar args__5882__auto__ = [];\nvar len__5876__auto___21547 = arguments.length;\nvar i__5877__auto___21548 = (0);\nwhile(true){\nif((i__5877__auto___21548 < len__5876__auto___21547)){\nargs__5882__auto__.push((arguments[i__5877__auto___21548]));\n\nvar G__21549 = (i__5877__auto___21548 + (1));\ni__5877__auto___21548 = G__21549;\ncontinue;\n} else {\n}\nbreak;\n}\n\nvar argseq__5883__auto__ = ((((3) < args__5882__auto__.length))?(new cljs.core.IndexedSeq(args__5882__auto__.slice((3)),(0),null)):null);\nreturn promethean.ecs.world.update_entity.cljs$core$IFn$_invoke$arity$variadic((arguments[(0)]),(arguments[(1)]),(arguments[(2)]),argseq__5883__auto__);\n});\n\n(promethean.ecs.world.update_entity.cljs$core$IFn$_invoke$arity$variadic = (function (world,eid,f,args){\nreturn cljs.core.update_in.cljs$core$IFn$_invoke$arity$3(world,new cljs.core.PersistentVector(null, 2, 5, cljs.core.PersistentVector.EMPTY_NODE, [new cljs.core.Keyword(null,\"entities\",\"entities\",1940967403),eid], null),(function (entity){\nif(cljs.core.truth_(entity)){\nreturn cljs.core.apply.cljs$core$IFn$_invoke$arity$3(f,entity,args);\n} else {\nreturn null;\n}\n}));\n}));\n\n(promethean.ecs.world.update_entity.cljs$lang$maxFixedArity = (3));\n\n/** @this {Function} */\n(promethean.ecs.world.update_entity.cljs$lang$applyTo = (function (seq21468){\nvar G__21470 = cljs.core.first(seq21468);\nvar seq21468__$1 = cljs.core.next(seq21468);\nvar G__21472 = cljs.core.first(seq21468__$1);\nvar seq21468__$2 = cljs.core.next(seq21468__$1);\nvar G__21473 = cljs.core.first(seq21468__$2);\nvar seq21468__$3 = cljs.core.next(seq21468__$2);\nvar self__5861__auto__ = this;\nreturn self__5861__auto__.cljs$core$IFn$_invoke$arity$variadic(G__21470,G__21472,G__21473,seq21468__$3);\n}));\n\n/**\n * Remove an entity from the world\n */\npromethean.ecs.world.remove_entity = (function promethean$ecs$world$remove_entity(world,eid){\nreturn cljs.core.update.cljs$core$IFn$_invoke$arity$4(world,new cljs.core.Keyword(null,\"entities\",\"entities\",1940967403),cljs.core.dissoc,eid);\n});\n/**\n * Find all entity IDs that have all the specified component keys\n */\npromethean.ecs.world.entities_with = (function promethean$ecs$world$entities_with(var_args){\nvar args__5882__auto__ = [];\nvar len__5876__auto___21551 = arguments.length;\nvar i__5877__auto___21552 = (0);\nwhile(true){\nif((i__5877__auto___21552 < len__5876__auto___21551)){\nargs__5882__auto__.push((arguments[i__5877__auto___21552]));\n\nvar G__21555 = (i__5877__auto___21552 + (1));\ni__5877__auto___21552 = G__21555;\ncontinue;\n} else {\n}\nbreak;\n}\n\nvar argseq__5883__auto__ = ((((1) < args__5882__auto__.length))?(new cljs.core.IndexedSeq(args__5882__auto__.slice((1)),(0),null)):null);\nreturn promethean.ecs.world.entities_with.cljs$core$IFn$_invoke$arity$variadic((arguments[(0)]),argseq__5883__auto__);\n});\n\n(promethean.ecs.world.entities_with.cljs$core$IFn$_invoke$arity$variadic = (function (world,keys){\nvar required_set = cljs.core.set(keys);\nreturn cljs.core.filter.cljs$core$IFn$_invoke$arity$2((function (eid){\nvar entity = promethean.ecs.world.get_entity(world,eid);\nvar and__5140__auto__ = entity;\nif(cljs.core.truth_(and__5140__auto__)){\nreturn cljs.core.every_QMARK_((function (p1__21483_SHARP_){\nreturn cljs.core.contains_QMARK_(entity,p1__21483_SHARP_);\n}),required_set);\n} else {\nreturn and__5140__auto__;\n}\n}),(function (){var G__21488 = new cljs.core.Keyword(null,\"entities\",\"entities\",1940967403).cljs$core$IFn$_invoke$arity$1(world);\nreturn (keys.cljs$core$IFn$_invoke$arity$1 ? keys.cljs$core$IFn$_invoke$arity$1(G__21488) : keys.call(null,G__21488));\n})());\n}));\n\n(promethean.ecs.world.entities_with.cljs$lang$maxFixedArity = (1));\n\n/** @this {Function} */\n(promethean.ecs.world.entities_with.cljs$lang$applyTo = (function (seq21484){\nvar G__21485 = cljs.core.first(seq21484);\nvar seq21484__$1 = cljs.core.next(seq21484);\nvar self__5861__auto__ = this;\nreturn self__5861__auto__.cljs$core$IFn$_invoke$arity$variadic(G__21485,seq21484__$1);\n}));\n\n/**\n * Get a specific component from an entity\n */\npromethean.ecs.world.get_component = (function promethean$ecs$world$get_component(world,eid,component_key){\nreturn cljs.core.get.cljs$core$IFn$_invoke$arity$2(promethean.ecs.world.get_entity(world,eid),component_key);\n});\n/**\n * Set a specific component on an entity\n */\npromethean.ecs.world.set_component = (function promethean$ecs$world$set_component(world,eid,component_key,value){\nreturn promethean.ecs.world.update_entity.cljs$core$IFn$_invoke$arity$variadic(world,eid,cljs.core.assoc,cljs.core.prim_seq.cljs$core$IFn$_invoke$arity$2([component_key,value], 0));\n});\n/**\n * Add an event to the output queue\n */\npromethean.ecs.world.emit_event = (function promethean$ecs$world$emit_event(world,event){\nreturn cljs.core.update.cljs$core$IFn$_invoke$arity$4(world,new cljs.core.Keyword(null,\"events-out\",\"events-out\",108767118),cljs.core.conj,event);\n});\n/**\n * Add an effect to the execution queue\n */\npromethean.ecs.world.emit_effect = (function promethean$ecs$world$emit_effect(world,effect){\nreturn cljs.core.update.cljs$core$IFn$_invoke$arity$4(world,new cljs.core.Keyword(null,\"effects\",\"effects\",-282369292),cljs.core.conj,effect);\n});\n/**\n * Advance the world to the next tick\n */\npromethean.ecs.world.advance_tick = (function promethean$ecs$world$advance_tick(world,dt){\nreturn cljs.core.assoc.cljs$core$IFn$_invoke$arity$3(cljs.core.update.cljs$core$IFn$_invoke$arity$3(world,new cljs.core.Keyword(null,\"tick\",\"tick\",-835886976),cljs.core.inc),new cljs.core.Keyword(null,\"time-ms\",\"time-ms\",2090254395),(new cljs.core.Keyword(null,\"time-ms\",\"time-ms\",2090254395).cljs$core$IFn$_invoke$arity$1(world) + dt));\n});\n","~:ns-info",["^ ","~:rename-macros",null,"~:renames",["^ "],"~:meta",["^ ","~:doc","ECS World - core data structure for entity-component-system architecture","~:file","promethean/ecs/world.cljs","~:line",1,"~:column",5,"~:end-line",1,"~:end-column",25],"~:ns-aliases",["^ ","~$cljs.loader","~$shadow.loader"],"~:use-macros",null,"~:excludes",["~#set",[]],"~:name","~$promethean.ecs.world","~:reader-aliases",["^ "],"~:op","~:ns","~:imports",null,"~:requires",["^ ","~$promethean.debug.log","^I","~$log","^I","~$cljs.core","^K","~$goog","^L"],"~:seen",["^A",["~:require"]],"~:uses",null,"~:require-macros",["^ ","^K","^K"],"~:form",["~#list",["~$ns","^C","ECS World - core data structure for entity-component-system architecture",["^R",["^N",["^I","~:as","^J"]]]]],"~:flags",["^ ","^N",["^A",[]]],"~:js-deps",[],"~:deps",["^L","^K","^I"]],"^F","^C","~:resource-id",["~:shadow.build.classpath/resource","promethean/ecs/world.cljs"],"~:compiled-at",1770014831258,"^D",["^ ","^I","^I","^J","^I","^K","^K","^L","^L"],"~:resource-name","promethean/ecs/world.cljs","~:warnings",[],"~:source","(ns promethean.ecs.world\n  \"ECS World - core data structure for entity-component-system architecture\"\n  (:require [promethean.debug.log :as log]))\n\n;; ============================================================================\n;; World Structure\n;; ============================================================================\n\n(defrecord World\n  [tick                     ;; current tick number\n   time-ms                  ;; current time in milliseconds\n   entities                 ;; map of entity-id -> entity\n   events-in                ;; incoming events for this tick\n   events-out               ;; events emitted this tick\n   effects                  ;; side effects to execute\n   env                      ;; environment (config, clients, adapters)\n   debug])                  ;; debug state\n\n(defn empty-world\n  \"Create an empty world with default values\"\n  []\n  (->World 0 0 {} [] [] [] {:config {} :clients {} :adapters {}} {}))\n\n(defn get-entity\n  \"Get entity by ID, returns nil if not found\"\n  [world eid]\n  (get (:entities world) eid))\n\n(defn add-entity\n  \"Add a new entity to the world\"\n  ([world eid components]\n   (update world :entities assoc eid components))\n  ([world eid key value & kvs]\n   (let [components (apply hash-map key value kvs)]\n     (add-entity world eid components))))\n\n(defn update-entity\n  \"Update an entity's components\"\n  [world eid f & args]\n  (update-in world [:entities eid] (fn [entity] (if entity (apply f entity args) nil))))\n\n(defn remove-entity\n  \"Remove an entity from the world\"\n  [world eid]\n  (update world :entities dissoc eid))\n\n(defn entities-with\n  \"Find all entity IDs that have all the specified component keys\"\n  [world & keys]\n  (let [required-set (set keys)]\n    (filter (fn [eid]\n              (let [entity (get-entity world eid)]\n                (and entity\n                     (every? #(contains? entity %) required-set))))\n            (keys (:entities world)))))\n\n;; ============================================================================\n;; Component Queries\n;; ============================================================================\n\n(defn get-component\n  \"Get a specific component from an entity\"\n  [world eid component-key]\n  (get (get-entity world eid) component-key))\n\n(defn set-component\n  \"Set a specific component on an entity\"\n  [world eid component-key value]\n  (update-entity world eid assoc component-key value))\n\n;; ============================================================================\n;; Event Helpers\n;; ============================================================================\n\n(defn emit-event\n  \"Add an event to the output queue\"\n  [world event]\n  (update world :events-out conj event))\n\n(defn emit-effect\n  \"Add an effect to the execution queue\"\n  [world effect]\n  (update world :effects conj effect))\n\n;; ============================================================================\n;; World Updates\n;; ============================================================================\n\n(defn advance-tick\n  \"Advance the world to the next tick\"\n  [world dt]\n  (-> world\n      (update :tick inc)\n      (assoc :time-ms (+ (:time-ms world) dt))))\n","~:reader-features",["^A",["~:cljs"]],"~:used-var-namespaces",["^A",["^C","^K"]],"~:cljc",false,"~:source-map-compact",["^ ","mappings",";AAQA,AAAA,AAAA,AAAA;;;;;;;;;;;;;;;;;;;;;;;;;;;;;;;;;;AAAA,AAAA,CAAA,AAAA,yEAAA,WAAAA,mBAAAC,vGAAW2E;;AAAX,AAAA,IAAA5E,yBAAA;AAAA,AAAA,OAAAA,8DAAAC,gBAAA;;;AAAA,CAAA,AAAA,yEAAA,WAAAC,mBAAAC,OAAAC,9GAAWwE;;AAAX,AAAA,IAAA1E,yBAAA;AAAA,AAAA,IAAAG,WAAAF;IAAAE,eAAA,EAAA,CAAAA,oBAAAC,oBAAA,AAAAD,aAAA;AAAA,AAAA,QAAAA;KAAA;AAAAE;;;KAAA;AAAAC;;;KAAA;AAAAC;;;KAAA;AAAAC;;;KAAA;AAAAC;;;KAAA;AAAAC;;;KAAA;AAAAC;;;KAAA;AAAAC;;;;AAAA,OAAAC,4CAAAC,gBAAAb,OAAAC;;;;;AAAA,CAAA,AAAA,8EAAA,WAAAa,mBAAAC,gBAAAC,5HAAWyD;;AAAX,AAAA,IAAA3D,yBAAA;AAAA,AAAA,OAAAG,+CAAA,WAAAC,kBAAAC;AAAA,AAAA,IAAAC,aAAAD;IAAAE,kBAAA,AAAAC,4CAAAF,WAAA,IAAA;IAAAG,kBAAA,AAAAD,4CAAAF,WAAA,IAAA;AAAA,AAAA,QAAAL,gDAAAA,8CAAAG,kBAAAG,gBAAAE,mBAAAR,0BAAAG,kBAAAG,gBAAAE;GAAAP,mBAAAF;;;AAAA,CAAA,AAAA,qFAAA,WAAAU,mBAAAC,qBAAAC,xIAAW+C;;AAAX,AAAA,IAAAjD,yBAAA;AAAA,AAAA,IAAAG,wBAAA,WAAAC;AAAA,AAAA,OAAAC,+BAAAJ,qBAAA,oBAAA,GAAA,IAAA,GAAAC,mBAAAE;;AAAA,AAAA,OAAAC,+BAAAJ,qBAAAE,sBAAA,+BAAA,KAAA,IAAAD,mBAAA,AAAAI,+CAAA,mFAAA,KAAAC,2BAAA,KAAA,EAAA,IAAA,AAAAA,sCAAA,CAAA,qDAAA3B,aAAA,OAAA,KAAA2B,2BAAA,KAAA,EAAA,IAAA,AAAAA,sCAAA,CAAA,2DAAA1B,gBAAA,OAAA,KAAA0B,2BAAA,KAAA,EAAA,IAAA,AAAAA,sCAAA,CAAA,6DAAAzB,iBAAA,OAAA,KAAAyB,2BAAA,KAAA,EAAA,IAAA,AAAAA,sCAAA,CAAA,gEAAAxB,kBAAA,OAAA,KAAAwB,2BAAA,KAAA,EAAA,IAAA,AAAAA,sCAAA,CAAA,gEAAAvB,mBAAA,OAAA,KAAAuB,2BAAA,KAAA,EAAA,IAAA,AAAAA,sCAAA,CAAA,2DAAAtB,gBAAA,OAAA,KAAAsB,2BAAA,KAAA,EAAA,IAAA,AAAAA,sCAAA,CAAA,oDAAArB,YAAA,OAAA,KAAAqB,2BAAA,KAAA,EAAA,IAAA,AAAAA,sCAAA,CAAA,wDAAApB,cAAA,eAAAE;;;AAAA,CAAA,AAAA,6EAAA,WAAAmB,xFAAWyC;;AAAX,AAAA,IAAAzC,eAAA;AAAA,AAAA,YAAAC,qBAAA,IAAAD,aAAA,EAAA,mFAAA,qDAAA,2DAAA,6DAAA,gEAAA,gEAAA,2DAAA,oDAAA,gEAAA,kBAAAnB,iBAAA,AAAAqB,oBAAArB,iBAAA,AAAAsB;;;AAAA,CAAA,AAAA,qEAAA,WAAAC,hFAAWqC;;AAAX,AAAA,IAAArC,yBAAA;AAAA,AAAAC;;;AAAA,CAAA,AAAA,2EAAA,WAAAC,tFAAWmC;;AAAX,AAAA,IAAAnC,yBAAA;AAAA,AAAA,uCAAAlC,YAAAC,eAAAC,gBAAAC,iBAAAC,kBAAAC,eAAAC,WAAAC,aAAA0B,cAAAxB,gBAAA0B,9KAAWkC;;;AAAX,CAAA,AAAA,yEAAA,WAAAjC,pFAAWiC;;AAAX,AAAA,IAAAjC,yBAAA;AAAA,AAAA,QAAA,IAAA,AAAAC,gBAAA5B;;;AAAA,CAAA,AAAA,qEAAA,WAAA6B,hFAAW+B;;AAAX,AAAA,IAAA/B,yBAAA;AAAA,AAAA,IAAAC,kBAAAJ;AAAA,AAAA,GAAA,GAAA,CAAAI,mBAAA;AAAAA;;AAAA,IAAAA,sBAAA,AAAA,WAAAC;AAAA,AAAA,QAAA,aAAA,AAAAC,8BAAAD;GAAAF;AAAA,AAAA,CAAAH,gBAAAI;;AAAAA;;;;AAAA,CAAA,AAAA,uEAAA,WAAAG,UAAAC,5FAAW0B;;AAAX,AAAA,IAAA3B,gBAAA;AAAA,AAAA,SAAA,GAAA,CAAAC,cAAA,aAAA,EAAA,CAAA,AAAAD,8BAAA,AAAAC,6BAAA,EAAA,AAAAC,6CAAA,AAAAF,mBAAA,AAAAC,sBAAA,EAAA,AAAAC,6CAAA,AAAAF,sBAAA,AAAAC,yBAAA,EAAA,AAAAC,6CAAA,AAAAF,uBAAA,AAAAC,0BAAA,EAAA,AAAAC,6CAAA,AAAAF,wBAAA,AAAAC,2BAAA,EAAA,AAAAC,6CAAA,AAAAF,yBAAA,AAAAC,4BAAA,EAAA,AAAAC,6CAAA,AAAAF,sBAAA,AAAAC,yBAAA,EAAA,AAAAC,6CAAA,AAAAF,kBAAA,AAAAC,qBAAA,EAAA,AAAAC,6CAAA,AAAAF,oBAAA,AAAAC,uBAAA,AAAAC,6CAAA,AAAAF,uBAAA,AAAAC;;;AAAA,CAAA,AAAA,sEAAA,WAAAE,mBAAAC,pGAAWuB;;AAAX,AAAA,IAAAxB,yBAAA;AAAA,AAAA,GAAA,AAAAE,0BAAA,iFAAA,0DAAA,qEAAA,kEAAA,6DAAA,yDAAA,qEAAA,gEAAA,+EAAAD;AAAA,OAAAE,+CAAA,AAAAC,qBAAA,AAAAC,6CAAA,mCAAAL,wBAAAZ,eAAAa;;AAAA,uCAAA9C,YAAAC,eAAAC,gBAAAC,iBAAAC,kBAAAC,eAAAC,WAAAC,aAAA0B,cAAA,AAAAkB,oBAAA,AAAAH,+CAAAvC,gBAAAqC,kBAAA,nQAAWuB;;;;AAAX,CAAA,AAAA,2FAAA,WAAAjB,mBAAAxD,zHAAWyE;;AAAX,AAAA,IAAAjB,yBAAA;AAAA,AAAA,IAAAC,WAAAzD;IAAAyD,eAAA,EAAA,CAAAA,oBAAAtD,oBAAA,AAAAsD,aAAA;AAAA,AAAA,QAAAA;KAAA;KAAA;KAAA;KAAA;KAAA;KAAA;KAAA;KAAA;AAAA;;;;AAAA,OAAAN,0BAAAtC,gBAAAb;;;;;AAAA,CAAA,AAAA,6EAAA,WAAA0D,mBAAAC,gBAAA3B,3HAAWyC;;AAAX,AAAA,IAAAf,yBAAA;AAAA,AAAA,IAAAE,cAAAC;IAAAC,cAAAH;AAAA,AAAA,oBAAA,CAAAC,4CAAAA,0CAAA,qDAAAE,eAAAF,sBAAA,qDAAAE;AAAA,uCAAA9B,SAAA3B,eAAAC,gBAAAC,iBAAAC,kBAAAC,eAAAC,WAAAC,aAAA0B,cAAAxB,gBAAA,3KAAW4D;;AAAX,oBAAA,CAAAb,4CAAAA,0CAAA,2DAAAE,eAAAF,sBAAA,2DAAAE;AAAA,uCAAA1D,YAAA4B,SAAA1B,gBAAAC,iBAAAC,kBAAAC,eAAAC,WAAAC,aAAA0B,cAAAxB,gBAAA,xKAAW4D;;AAAX,oBAAA,CAAAb,4CAAAA,0CAAA,6DAAAE,eAAAF,sBAAA,6DAAAE;AAAA,uCAAA1D,YAAAC,eAAA2B,SAAAzB,iBAAAC,kBAAAC,eAAAC,WAAAC,aAAA0B,cAAAxB,gBAAA,vKAAW4D;;AAAX,oBAAA,CAAAb,4CAAAA,0CAAA,gEAAAE,eAAAF,sBAAA,gEAAAE;AAAA,uCAAA1D,YAAAC,eAAAC,gBAAA0B,SAAAxB,kBAAAC,eAAAC,WAAAC,aAAA0B,cAAAxB,gBAAA,tKAAW4D;;AAAX,oBAAA,CAAAb,4CAAAA,0CAAA,gEAAAE,eAAAF,sBAAA,gEAAAE;AAAA,uCAAA1D,YAAAC,eAAAC,gBAAAC,iBAAAyB,SAAAvB,eAAAC,WAAAC,aAAA0B,cAAAxB,gBAAA,rKAAW4D;;AAAX,oBAAA,CAAAb,4CAAAA,0CAAA,2DAAAE,eAAAF,sBAAA,2DAAAE;AAAA,uCAAA1D,YAAAC,eAAAC,gBAAAC,iBAAAC,kBAAAwB,SAAAtB,WAAAC,aAAA0B,cAAAxB,gBAAA,xKAAW4D;;AAAX,oBAAA,CAAAb,4CAAAA,0CAAA,oDAAAE,eAAAF,sBAAA,oDAAAE;AAAA,uCAAA1D,YAAAC,eAAAC,gBAAAC,iBAAAC,kBAAAC,eAAAuB,SAAArB,aAAA0B,cAAAxB,gBAAA,5KAAW4D;;AAAX,oBAAA,CAAAb,4CAAAA,0CAAA,wDAAAE,eAAAF,sBAAA,wDAAAE;AAAA,uCAAA1D,YAAAC,eAAAC,gBAAAC,iBAAAC,kBAAAC,eAAAC,WAAAsB,SAAAK,cAAAxB,gBAAA,1KAAW4D;;AAAX,uCAAArE,YAAAC,eAAAC,gBAAAC,iBAAAC,kBAAAC,eAAAC,WAAAC,aAAA0B,cAAA,AAAA0B,8CAAAlD,gBAAA8C,gBAAA3B,UAAA,tPAAWyC;;;;;;;;;;;AAAX,CAAA,AAAA,uEAAA,WAAAT,lFAAWS;;AAAX,AAAA,IAAAT,yBAAA;AAAA,AAAA,OAAAC,cAAA,AAAAnC,+CAAA,mFAAA,KAAAoC,mBAAA,qDAAA9D,YAAA,OAAA,KAAA8D,mBAAA,2DAAA7D,eAAA,OAAA,KAAA6D,mBAAA,6DAAA5D,gBAAA,OAAA,KAAA4D,mBAAA,gEAAA3D,iBAAA,OAAA,KAAA2D,mBAAA,gEAAA1D,kBAAA,OAAA,KAAA0D,mBAAA,2DAAAzD,eAAA,OAAA,KAAAyD,mBAAA,oDAAAxD,WAAA,OAAA,KAAAwD,mBAAA,wDAAAvD,aAAA,eAAAE;;;AAAA,CAAA,AAAA,8EAAA,WAAAsD,mBAAAnC,5GAAWyC;;AAAX,AAAA,IAAAN,yBAAA;AAAA,AAAA,uCAAA/D,YAAAC,eAAAC,gBAAAC,iBAAAC,kBAAAC,eAAAC,WAAAC,aAAAqB,SAAAnB,gBAAA0B,zKAAWkC;;;AAAX,CAAA,AAAA,2EAAA,WAAAL,mBAAAC,zGAAWI;;AAAX,AAAA,IAAAL,yBAAA;AAAA,AAAA,GAAA,AAAAE,wBAAAD;AAAA,OAAAD,kEAAA,AAAAG,eAAAF,oBAAA,KAAA,AAAAE,eAAAF,oBAAA;;AAAA,OAAApD,+CAAAuD,gBAAAJ,uBAAAC;;;;AAAA,CAAA,AAAAI,sCAAA;AAAA,AAAA,AAAA;;;AAAA,CAAA,AAAAA,4CAAA;;AAAA,CAAA,AAAAA,iDAAA,WAAAC;AAAA,AAAA,YAAAC,eAAA,KAAA,6BAAA,KAAA,IAAA;;;AAAA,CAAA,AAAAF,oDAAA,WAAAC,mBAAAE;AAAA,AAAA,OAAAC,iBAAAD,qBAAA;;;AAAA;;;kCAAA,lCAAWM,4EACR9E,KACAC,QACAC,SACAC,UACAC,WACAC,QACAC,IACAC;AARH,AAAA,YAAA8D,wFAAA,KAAA,KAAA,vEACGrE,KACAC,QACAC,SACAC,UACAC,WACAC,QACAC,IACAC;;;AARH;;;qCAAA,6CAAAmE,lFAAWK;AAAX,AAAA,IAAAJ,uBAAA,iBAAAC,WAAA,AAAA5B,sDAAA0B,SAAA,uGAAA,2DAAA,6DAAA,gEAAA,gEAAA,2DAAA,oDAAA;AAAA,AAAA,GAAA,AAAAG,wBAAAH;AAAA,OAAAxB,6CAAA,mCAAA0B;;AAAAA;;;AAAA,AAAA,YAAAP,2BAAA,AAAA,mFAAAK,UAAA,AAAA,yFAAAA,UAAA,AAAA,2FAAAA,UAAA,AAAA,8FAAAA,UAAA,AAAA,8FAAAA,UAAA,AAAA,yFAAAA,UAAA,AAAA,kFAAAA,UAAA,AAAA,sFAAAA,UAAA,KAAA,AAAAvB,oBAAAwB,sBAAA;;;AAAAN,AAUA;;;mCAAA,nCAAMW;AAAN,AAGE,uCAAA,IAAA,IAAA,mCAAA,iCAAA,iCAAA,iCAAA,2CAAA,wDAAA,mCAAA,2DAAA,mCAAA,8DAAA,2CAAA,3fAACF;;AAEH;;;kCAAA,lCAAMG,4EAEHC,MAAMC;AAFT,AAGE,OAAC3E,4CAAI,AAAA,2FAAW0E,OAAOC;;AAEzB,AAAA;;;kCAAA,0CAAAC,5EAAME;AAAN,AAAA,IAAAD,WAAA,AAAA;AAAA,AAAA,QAAAA;KAAA;AAAA,OAAAC,8DAAA,CAAA,UAAA,MAAA,CAAA,UAAA,MAAA,CAAA,UAAA;;;;AAAA,IAAAC,yBAAA;AAAA,AAAA,IAAAC,0BAAA,AAAA;AAAA,AAAA,IAAAC,wBAAA;;AAAA,AAAA,GAAA,CAAAA,wBAAAD;AAAA,AAAA,AAAAD,4BAAA,CAAA,UAAAE;;AAAA,eAAA,CAAAA,wBAAA;;;;AAAA;;;;AAAA,IAAAC,uBAAA,EAAA,CAAA,MAAA,AAAAH,gCAAA,AAAA,KAAAI,qBAAA,AAAAJ,6BAAA,KAAA,IAAA,OAAA;AAAA,AAAA,OAAAD,qEAAA,CAAA,UAAA,MAAA,CAAA,UAAA,MAAA,CAAA,UAAA,MAAA,CAAA,UAAA,MAAAI;;;;;AAAA,CAAA,gEAAA,hEAAMJ,2EAEFJ,MAAMC,IAAIiB;AAFd,AAGG,4DAAA,rDAACC,+CAAOnB,mEAAgBoB,gBAAMnB,IAAIiB;;;AAHrC,AAAA,CAAA,uEAAA,vEAAMd,kFAIFJ,MAAMC,IAAIoB,IAAIC,MAAQC;AAJ1B,AAKG,IAAML,aAAW,AAACM,8CAAMC,mBAASJ,IAAIC,MAAMC;AAA3C,AACE,OAACG,8DAAW1B,MAAMC,IAAIiB;;;AAN3B;AAAA,CAAA,oDAAA,WAAAR,/DAAMN;AAAN,AAAA,IAAAO,WAAA,AAAAC,gBAAAF;IAAAA,eAAA,AAAAG,eAAAH;IAAAI,WAAA,AAAAF,gBAAAF;IAAAA,eAAA,AAAAG,eAAAH;IAAAK,WAAA,AAAAH,gBAAAF;IAAAA,eAAA,AAAAG,eAAAH;IAAAM,WAAA,AAAAJ,gBAAAF;IAAAA,eAAA,AAAAG,eAAAH;AAAA,AAAA,IAAAO,qBAAA;AAAA,AAAA,OAAAA,wDAAAN,SAAAG,SAAAC,SAAAC,SAAAN;;;AAAA,CAAA,0DAAA,1DAAMN;;AAAN,AAQA,AAAA;;;qCAAA,6CAAAF,lFAAM2B;AAAN,AAAA,IAAAF,qBAAA;AAAA,AAAA,IAAArB,0BAAA,AAAA;AAAA,AAAA,IAAAC,wBAAA;;AAAA,AAAA,GAAA,CAAAA,wBAAAD;AAAA,AAAA,AAAAqB,wBAAA,CAAA,UAAApB;;AAAA,eAAA,CAAAA,wBAAA;;;;AAAA;;;;AAAA,IAAAqB,uBAAA,EAAA,CAAA,MAAA,AAAAD,4BAAA,AAAA,KAAAlB,qBAAA,AAAAkB,yBAAA,KAAA,IAAA,OAAA;AAAA,AAAA,OAAAE,wEAAA,CAAA,UAAA,MAAA,CAAA,UAAA,MAAA,CAAA,UAAA,MAAAD;;;AAAA,AAAA,CAAA,0EAAA,1EAAMC,qFAEH7B,MAAMC,IAAIiC,EAAIC;AAFjB,AAGE,+DAAA,mFAAA,3IAACC,kDAAUpC,sJAAiBC,YAAK,WAAKoC;AAAL,AAAa,oBAAIA;AAAO,OAACb,8CAAMU,EAAEG,OAAOF;;AAA3B;;;;;AAHhD,CAAA,6DAAA,7DAAMN;;AAAN;AAAA,CAAA,uDAAA,WAAAC,lEAAMD;AAAN,AAAA,IAAAE,WAAA,AAAAnB,gBAAAkB;IAAAA,eAAA,AAAAjB,eAAAiB;IAAAE,WAAA,AAAApB,gBAAAkB;IAAAA,eAAA,AAAAjB,eAAAiB;IAAAG,WAAA,AAAArB,gBAAAkB;IAAAA,eAAA,AAAAjB,eAAAiB;AAAA,AAAA,IAAAb,qBAAA;AAAA,AAAA,OAAAA,wDAAAc,SAAAC,SAAAC,SAAAH;;;AAAA,AAKA;;;qCAAA,rCAAMQ,kFAEHtC,MAAMC;AAFT,AAGE,4DAAA,rDAACkB,+CAAOnB,mEAAgBuC,iBAAOtC;;AAEjC,AAAA;;;qCAAA,6CAAAC,lFAAMsC;AAAN,AAAA,IAAAb,qBAAA;AAAA,AAAA,IAAArB,0BAAA,AAAA;AAAA,AAAA,IAAAC,wBAAA;;AAAA,AAAA,GAAA,CAAAA,wBAAAD;AAAA,AAAA,AAAAqB,wBAAA,CAAA,UAAApB;;AAAA,eAAA,CAAAA,wBAAA;;;;AAAA;;;;AAAA,IAAAqB,uBAAA,EAAA,CAAA,MAAA,AAAAD,4BAAA,AAAA,KAAAlB,qBAAA,AAAAkB,yBAAA,KAAA,IAAA,OAAA;AAAA,AAAA,OAAAa,wEAAA,CAAA,UAAA,MAAAZ;;;AAAA,AAAA,CAAA,0EAAA,1EAAMY,qFAEHxC,MAAQ2C;AAFX,AAGE,IAAMC,eAAa,AAACC,cAAIF;AAAxB,AACE,OAACG,+CAAO,WAAK7C;AAAL,AACE,IAAMoC,SAAO,AAACtC,gCAAWC,MAAMC;AAA/B,AACE,IAAA8C,oBAAKV;AAAL,AAAA,oBAAAU;AACK,8BAAA,WAAAC,lCAACC;AAAD,AAAS,wCAAAD,jCAACnF,0BAAUwE;GAAUO;;AADnCG;;GAEJ,iBAAAG,WAAM,AAAA,2FAAWlD;AAAjB,AAAA,gFAAAkD,2BAAAA,nGAACP,qCAAAA,+CAAAA;;;;AARb,CAAA,6DAAA,7DAAMH;;AAAN;AAAA,CAAA,uDAAA,WAAAC,lEAAMD;AAAN,AAAA,IAAAE,WAAA,AAAA9B,gBAAA6B;IAAAA,eAAA,AAAA5B,eAAA4B;AAAA,AAAA,IAAAxB,qBAAA;AAAA,AAAA,OAAAA,wDAAAyB,SAAAD;;;AAAA,AAcA;;;qCAAA,rCAAMU,kFAEHnD,MAAMC,IAAImD;AAFb,AAGE,OAAC9H,4CAAI,AAACyE,gCAAWC,MAAMC,KAAKmD;;AAE9B;;;qCAAA,rCAAMC,kFAEHrD,MAAMC,IAAImD,cAAc9B;AAF3B,AAGE,OAACgC,wEAActD,MAAMC,IAAImB,kEAAMgC,cAAc9B;;AAM/C;;;kCAAA,lCAAMiC,4EAEHvD,MAAMwD;AAFT,AAGE,4DAAA,rDAACrC,+CAAOnB,sEAAkByD,eAAKD;;AAEjC;;;mCAAA,nCAAME,8EAEH1D,MAAM2D;AAFT,AAGE,4DAAA,rDAACxC,+CAAOnB,iEAAeyD,eAAKE;;AAM9B;;;oCAAA,pCAAMC,gFAEH5D,MAAM6D;AAFT,oGAGM7D,/CACA,qDAAA,rDAACmB,0GAAa2C,/JACd,8KAAA,vKAACrF,kOAAe,CAAG,AAAA,yFAAUuB,SAAO6D","names",["this__5448__auto__","k__5449__auto__","this__5450__auto__","k21369","else__5451__auto__","G__21402","cljs.core/Keyword","tick","time-ms","entities","events-in","events-out","effects","env","debug","cljs.core.get","__extmap","this__5468__auto__","f__5469__auto__","init__5470__auto__","cljs.core.reduce","ret__5471__auto__","p__21406","vec__21407","k__5472__auto__","cljs.core.nth","v__5473__auto__","this__5463__auto__","writer__5464__auto__","opts__5465__auto__","pr-pair__5466__auto__","keyval__5467__auto__","cljs.core/pr-sequential-writer","cljs.core.concat","cljs.core/PersistentVector","G__21368","cljs.core/RecordIter","cljs.core/-iterator","cljs.core/nil-iter","this__5446__auto__","__meta","this__5443__auto__","__hash","this__5452__auto__","cljs.core/count","this__5444__auto__","h__5251__auto__","coll__5445__auto__","cljs.core/hash-unordered-coll","this21370","other21371","cljs.core._EQ_","this__5458__auto__","k__5459__auto__","cljs.core/contains?","cljs.core.dissoc","cljs.core/-with-meta","cljs.core.into","cljs.core/not-empty","this__5455__auto__","G__21423","this__5456__auto__","k__5457__auto__","pred__21424","cljs.core/keyword-identical?","expr__21425","cljs.core.assoc","this__5461__auto__","cljs.core/seq","cljs.core/MapEntry","this__5447__auto__","this__5453__auto__","entry__5454__auto__","cljs.core/vector?","cljs.core/-nth","cljs.core/-conj","promethean.ecs.world/World","this__5494__auto__","cljs.core/List","writer__5495__auto__","cljs.core/-write","G__21389","extmap__5490__auto__","G__21435","cljs.core/record?","promethean.ecs.world/->World","promethean.ecs.world/map->World","promethean.ecs.world/empty-world","promethean.ecs.world/get-entity","world","eid","var_args","G__21451","promethean.ecs.world/add-entity","args-arr__5901__auto__","len__5876__auto__","i__5877__auto__","argseq__5902__auto__","cljs.core/IndexedSeq","seq21445","G__21447","cljs.core/first","cljs.core/next","G__21448","G__21449","G__21450","self__5861__auto__","components","cljs.core.update","cljs.core/assoc","key","value","kvs","cljs.core.apply","cljs.core/hash-map","promethean.ecs.world.add_entity","args__5882__auto__","argseq__5883__auto__","promethean.ecs.world/update-entity","seq21468","G__21470","G__21472","G__21473","f","args","cljs.core.update_in","entity","promethean.ecs.world/remove-entity","cljs.core/dissoc","promethean.ecs.world/entities-with","seq21484","G__21485","keys","required-set","cljs.core/set","cljs.core.filter","and__5140__auto__","p1__21483#","cljs.core/every?","G__21488","promethean.ecs.world/get-component","component-key","promethean.ecs.world/set-component","promethean.ecs.world.update_entity","promethean.ecs.world/emit-event","event","cljs.core/conj","promethean.ecs.world/emit-effect","effect","promethean.ecs.world/advance-tick","dt","cljs.core/inc"]],"~:used-vars",["^A",["~$promethean.ecs.world/remove-entity","~$promethean.ecs.world/->World","~$promethean.ecs.world/emit-event","~$cljs.core/pr-sequential-writer","~$promethean.ecs.world/World","~$cljs.core/vector?","~$cljs.core/filter","~$cljs.core/=","~$cljs.core/-assoc","~$cljs.core/-write","~$cljs.core/IndexedSeq","~$cljs.core/-iterator","~$cljs.core/count","~$cljs.core/hash-map","~$cljs.core/reduce","~$cljs.core/seq","~$cljs.core/apply","~$cljs.core/Keyword","~$cljs.core/MapEntry","~$cljs.core/dissoc","~$cljs.core/keyword-identical?","~$promethean.ecs.world/get-component","~$cljs.core/-with-meta","~$cljs.core/concat","~$cljs.core/set","~$promethean.ecs.world/set-component","~$promethean.ecs.world/add-entity","~$cljs.core/contains?","~$cljs.core/into","~$cljs.core/conj","~$cljs.core/-conj","~$cljs.core/update","~$promethean.ecs.world/map->World","~$cljs.core/PersistentVector","~$promethean.ecs.world/empty-world","~$cljs.core/List","~$promethean.ecs.world/entities-with","~$cljs.core/get","~$cljs.core/-nth","~$cljs.core/not-empty","~$cljs.core/record?","~$cljs.core/-lookup","~$cljs.core/nth","~$promethean.ecs.world/advance-tick","~$cljs.core/nil-iter","~$cljs.core/next","~$cljs.core/RecordIter","~$cljs.core/not","~$promethean.ecs.world/emit-effect","~$cljs.core/assoc","~$promethean.ecs.world/get-entity","~$cljs.core/hash-unordered-coll","~$cljs.core/first","~$cljs.core/every?","~$cljs.core/update-in","~$cljs.core/inc","~$promethean.ecs.world/update-entity"]]],"~:cache-keys",["~#cmap",[["^Y","goog/dom/tagname.js"],["5894b81ddad9694d9b92153e1834889eb8533444","~:shadow.build.compiler/resolve",["^ ","~:require-id",null,"~:deps-ids",["^A",[]],"~:deps-syms",["^L","~$goog.dom.HtmlElement"]]],["^Y","goog/html/trustedtypes.js"],["5894b81ddad9694d9b92153e1834889eb8533444","^2I",["^ ","^2J",null,"^2K",["^A",[]],"^2L",["^L"]]],["^Y","goog/labs/useragent/browser.js"],["5894b81ddad9694d9b92153e1834889eb8533444","^2I",["^ ","^2J",null,"^2K",["^A",[]],"^2L",["^L","~$goog.labs.userAgent.util","~$goog.labs.userAgent.highEntropy.highEntropyValue","~$goog.labs.userAgent.chromiumRebrands","~$goog.asserts","~$goog.string.internal","~$goog.labs.userAgent.highEntropy.highEntropyData","~$goog.labs.userAgent"]]],["^Y","goog/html/safeurl.js"],["5894b81ddad9694d9b92153e1834889eb8533444","^2I",["^ ","^2J",null,"^2K",["^A",[]],"^2L",["^L","^2Q","~$goog.fs.url","~$goog.html.TrustedResourceUrl","~$goog.string.Const","~$goog.string.TypedString","^2R"]]],["^Y","goog/array/array.js"],["5894b81ddad9694d9b92153e1834889eb8533444","^2I",["^ ","^2J",null,"^2K",["^A",[]],"^2L",["^L","^2Q"]]],["^Y","goog/debug/error.js"],["5894b81ddad9694d9b92153e1834889eb8533444","^2I",["^ ","^2J",null,"^2K",["^A",[]],"^2L",["^L"]]],["^Y","goog/flags/flags.js"],["5894b81ddad9694d9b92153e1834889eb8533444","^2I",["^ ","^2J",null,"^2K",["^A",[]],"^2L",["^L"]]],["^Y","goog/dom/nodetype.js"],["5894b81ddad9694d9b92153e1834889eb8533444","^2I",["^ ","^2J",null,"^2K",["^A",[]],"^2L",["^L"]]],["^Y","goog/labs/useragent/highentropy/highentropyvalue.js"],["5894b81ddad9694d9b92153e1834889eb8533444","^2I",["^ ","^2J",null,"^2K",["^A",[]],"^2L",["^L","^2N","^2R"]]],["^Y","goog/string/typedstring.js"],["5894b81ddad9694d9b92153e1834889eb8533444","^2I",["^ ","^2J",null,"^2K",["^A",[]],"^2L",["^L"]]],["^Y","goog/object/object.js"],["5894b81ddad9694d9b92153e1834889eb8533444","^2I",["^ ","^2J",null,"^2K",["^A",[]],"^2L",["^L"]]],["^Y","goog/dom/asserts.js"],["5894b81ddad9694d9b92153e1834889eb8533444","^2I",["^ ","^2J",null,"^2K",["^A",[]],"^2L",["^L","^2Q"]]],"~:SHADOW-TIMESTAMP",[1769965476000,1769965476000,1769143103000],["^Y","goog/math/long.js"],["5894b81ddad9694d9b92153e1834889eb8533444","^2I",["^ ","^2J",null,"^2K",["^A",[]],"^2L",["^L","^2Q","~$goog.reflect"]]],["^Y","goog/html/trustedresourceurl.js"],["5894b81ddad9694d9b92153e1834889eb8533444","^2I",["^ ","^2J",null,"^2K",["^A",[]],"^2L",["^L","^2Q","~$goog.fs.blob","^2U","~$goog.html.SafeScript","~$goog.html.trustedtypes","^2W","^2X"]]],["^Y","goog/string/internal.js"],["5894b81ddad9694d9b92153e1834889eb8533444","^2I",["^ ","^2J",null,"^2K",["^A",[]],"^2L",["^L"]]],["^Y","goog/functions/functions.js"],["5894b81ddad9694d9b92153e1834889eb8533444","^2I",["^ ","^2J",null,"^2K",["^A",[]],"^2L",["^L"]]],["^Y","goog/html/safestyle.js"],["5894b81ddad9694d9b92153e1834889eb8533444","^2I",["^ ","^2J",null,"^2K",["^A",[]],"^2L",["^L","^2W","~$goog.html.SafeUrl","^2X","^2Q","^2R"]]],["^Y","goog/dom/safe.js"],["5894b81ddad9694d9b92153e1834889eb8533444","^2I",["^ ","^2J",null,"^2K",["^A",[]],"^2L",["^L","^2Q","~$goog.asserts.dom","~$goog.dom.asserts","~$goog.functions","~$goog.html.SafeHtml","^30","~$goog.html.SafeStyle","^32","^2V","~$goog.html.uncheckedconversions","^2W","^2R"]]],["^Y","goog/asserts/dom.js"],["5894b81ddad9694d9b92153e1834889eb8533444","^2I",["^ ","^2J",null,"^2K",["^A",[]],"^2L",["^L","~$goog.dom.TagName","^2Q","~$goog.dom.element"]]],["^Y","goog/html/safehtml.js"],["5894b81ddad9694d9b92153e1834889eb8533444","^2I",["^ ","^2J",null,"^2K",["^A",[]],"^2L",["^L","^2W","^30","^37","~$goog.html.SafeStyleSheet","^32","^39","^2V","^2X","^2Q","~$goog.labs.userAgent.browser","~$goog.array","~$goog.object","^2R","~$goog.dom.tags","^31"]]],["^Y","goog/dom/tags.js"],["5894b81ddad9694d9b92153e1834889eb8533444","^2I",["^ ","^2J",null,"^2K",["^A",[]],"^2L",["^L","^3>"]]],["^Y","goog/fs/blob.js"],["5894b81ddad9694d9b92153e1834889eb8533444","^2I",["^ ","^2J",null,"^2K",["^A",[]],"^2L",["^L"]]],["^Y","goog/asserts/asserts.js"],["5894b81ddad9694d9b92153e1834889eb8533444","^2I",["^ ","^2J",null,"^2K",["^A",[]],"^2L",["^L","~$goog.debug.Error","~$goog.dom.NodeType"]]],["^Y","goog/uri/uri.js"],["5894b81ddad9694d9b92153e1834889eb8533444","^2I",["^ ","^2J",null,"^2K",["^A",[]],"^2L",["^L","^3=","^2Q","~$goog.collections.maps","~$goog.string","~$goog.structs","~$goog.uri.utils","~$goog.uri.utils.ComponentIndex","~$goog.uri.utils.StandardQueryParam"]]],["^Y","goog/labs/useragent/highentropy/highentropydata.js"],["5894b81ddad9694d9b92153e1834889eb8533444","^2I",["^ ","^2J",null,"^2K",["^A",[]],"^2L",["^L","^2O"]]],["^Y","goog/collections/maps.js"],["5894b81ddad9694d9b92153e1834889eb8533444","^2I",["^ ","^2J",null,"^2K",["^A",[]],"^2L",["^L"]]],["^Y","promethean/debug/log.cljs"],["b2d6aed7361a1e84e4c56d4f6b55f2f91c58e7a9","^2I",["^ ","^2J",null,"^2K",["^A",[]],"^2L",["^L","^K"]]],["^Y","goog/fs/url.js"],["5894b81ddad9694d9b92153e1834889eb8533444","^2I",["^ ","^2J",null,"^2K",["^A",[]],"^2L",["^L"]]],["^Y","goog/base.js"],["5894b81ddad9694d9b92153e1834889eb8533444","^2I",["^ ","^2J",null,"^2K",["^A",[]],"^2L",[]]],["^Y","goog/structs/structs.js"],["5894b81ddad9694d9b92153e1834889eb8533444","^2I",["^ ","^2J",null,"^2K",["^A",[]],"^2L",["^L","^3=","^3>"]]],["^Y","promethean/ecs/world.cljs"],["709515afcfd2aa7a8f3326313f8aec8ddf866fc7","^2I",["^ ","^2J",null,"^2K",["^A",[]],"^2L",["^L","^K","^I"]]],["^Y","goog/string/string.js"],["5894b81ddad9694d9b92153e1834889eb8533444","^2I",["^ ","^2J",null,"^2K",["^A",[]],"^2L",["^L","~$goog.dom.safe","^38","^2W","^2R"]]],["^Y","goog/reflect/reflect.js"],["5894b81ddad9694d9b92153e1834889eb8533444","^2I",["^ ","^2J",null,"^2K",["^A",[]],"^2L",["^L"]]],["^Y","goog/labs/useragent/util.js"],["5894b81ddad9694d9b92153e1834889eb8533444","^2I",["^ ","^2J",null,"^2K",["^A",[]],"^2L",["^L","^2R","^2T"]]],["^Y","goog/string/stringbuffer.js"],["5894b81ddad9694d9b92153e1834889eb8533444","^2I",["^ ","^2J",null,"^2K",["^A",[]],"^2L",["^L"]]],["^Y","goog/labs/useragent/chromium_rebrands.js"],["5894b81ddad9694d9b92153e1834889eb8533444","^2I",["^ ","^2J",null,"^2K",["^A",[]],"^2L",["^L"]]],["^Y","goog/labs/useragent/useragent.js"],["5894b81ddad9694d9b92153e1834889eb8533444","^2I",["^ ","^2J",null,"^2K",["^A",[]],"^2L",["^L","~$goog.flags"]]],["^Y","goog/dom/element.js"],["5894b81ddad9694d9b92153e1834889eb8533444","^2I",["^ ","^2J",null,"^2K",["^A",[]],"^2L",["^L","^3A","^39"]]],["^Y","goog/html/uncheckedconversions.js"],["5894b81ddad9694d9b92153e1834889eb8533444","^2I",["^ ","^2J",null,"^2K",["^A",[]],"^2L",["^L","^2Q","^36","^30","^37","^3;","^32","^2V","^2W","^2R"]]],["^Y","goog/dom/htmlelement.js"],["5894b81ddad9694d9b92153e1834889eb8533444","^2I",["^ ","^2J",null,"^2K",["^A",[]],"^2L",["^L"]]],["^Y","cljs/core.cljs"],["bb708c133efd2471c681d172c839d7d979202b70","^2I",["^ ","^2J",null,"^2K",["^A",[]],"^2L",["^L","~$goog.math.Long","~$goog.math.Integer","^3C","^3>","^3=","~$goog.Uri","~$goog.string.StringBuffer"]]],["^Y","goog/html/safescript.js"],["5894b81ddad9694d9b92153e1834889eb8533444","^2I",["^ ","^2J",null,"^2K",["^A",[]],"^2L",["^L","^2W","^2X","^31","^2Q"]]],["^Y","goog/html/safestylesheet.js"],["5894b81ddad9694d9b92153e1834889eb8533444","^2I",["^ ","^2J",null,"^2K",["^A",[]],"^2L",["^L","^2W","^37","^2X","^3>","^2Q","^2R"]]],["^Y","goog/math/integer.js"],["5894b81ddad9694d9b92153e1834889eb8533444","^2I",["^ ","^2J",null,"^2K",["^A",[]],"^2L",["^L","^2Z"]]],["^Y","goog/uri/utils.js"],["5894b81ddad9694d9b92153e1834889eb8533444","^2I",["^ ","^2J",null,"^2K",["^A",[]],"^2L",["^L","^2Q","^3C"]]],["^Y","goog/string/const.js"],["5894b81ddad9694d9b92153e1834889eb8533444","^2I",["^ ","^2J",null,"^2K",["^A",[]],"^2L",["^L","^2Q","^2X"]]]]],"~:clj-info",["^ ","jar:file:/home/err/.m2/repository/org/clojure/clojurescript/1.12.134/clojurescript-1.12.134.jar!/cljs/tagged_literals.cljc",1769143103000,"jar:file:/home/err/.m2/repository/org/clojure/clojurescript/1.12.134/clojurescript-1.12.134.jar!/cljs/externs.clj",1769143103000,"jar:file:/home/err/.m2/repository/org/clojure/clojurescript/1.12.134/clojurescript-1.12.134.jar!/cljs/source_map/base64.clj",1769143103000,"jar:file:/home/err/.m2/repository/org/clojure/clojure/1.11.1/clojure-1.11.1.jar!/clojure/string.clj",1758434161000,"jar:file:/home/err/.m2/repository/org/clojure/clojure/1.11.1/clojure-1.11.1.jar!/clojure/java/io.clj",1758434161000,"jar:file:/home/err/.m2/repository/org/clojure/clojurescript/1.12.134/clojurescript-1.12.134.jar!/cljs/source_map/base64_vlq.clj",1769143103000,"jar:file:/home/err/.m2/repository/org/clojure/clojure/1.11.1/clojure-1.11.1.jar!/clojure/set.clj",1758434161000,"jar:file:/home/err/.m2/repository/org/clojure/clojurescript/1.12.134/clojurescript-1.12.134.jar!/cljs/compiler.cljc",1769143103000,"jar:file:/home/err/.m2/repository/org/clojure/clojurescript/1.12.134/clojurescript-1.12.134.jar!/cljs/instant.clj",1769143103000,"jar:file:/home/err/.m2/repository/org/clojure/clojure/1.11.1/clojure-1.11.1.jar!/clojure/core.clj",1758434161000,"jar:file:/home/err/.m2/repository/org/clojure/clojurescript/1.12.134/clojurescript-1.12.134.jar!/cljs/vendor/clojure/tools/reader.clj",1769143103000,"jar:file:/home/err/.m2/repository/org/clojure/clojurescript/1.12.134/clojurescript-1.12.134.jar!/cljs/vendor/clojure/tools/reader/impl/errors.clj",1769143103000,"jar:file:/home/err/.m2/repository/org/clojure/clojure/1.11.1/clojure-1.11.1.jar!/clojure/pprint.clj",1758434161000,"jar:file:/home/err/.m2/repository/org/clojure/clojurescript/1.12.134/clojurescript-1.12.134.jar!/cljs/env.cljc",1769143103000,"jar:file:/home/err/.m2/repository/org/clojure/clojurescript/1.12.134/clojurescript-1.12.134.jar!/cljs/core.cljc",1769143103000,"jar:file:/home/err/.m2/repository/org/clojure/clojurescript/1.12.134/clojurescript-1.12.134.jar!/cljs/vendor/clojure/tools/reader/impl/inspect.clj",1769143103000,"jar:file:/home/err/.m2/repository/org/clojure/clojurescript/1.12.134/clojurescript-1.12.134.jar!/cljs/source_map.clj",1769143103000,"jar:file:/home/err/.m2/repository/org/clojure/clojurescript/1.12.134/clojurescript-1.12.134.jar!/cljs/analyzer.cljc",1769143103000,"jar:file:/home/err/.m2/repository/org/clojure/clojurescript/1.12.134/clojurescript-1.12.134.jar!/cljs/analyzer/passes.cljc",1769143103000,"jar:file:/home/err/.m2/repository/org/clojure/clojurescript/1.12.134/clojurescript-1.12.134.jar!/cljs/js_deps.cljc",1769143103000,"jar:file:/home/err/.m2/repository/org/clojure/clojure/1.11.1/clojure-1.11.1.jar!/clojure/edn.clj",1758434161000,"jar:file:/home/err/.m2/repository/org/clojure/clojurescript/1.12.134/clojurescript-1.12.134.jar!/cljs/analyzer/impl.cljc",1769143103000,"jar:file:/home/err/.m2/repository/org/clojure/clojurescript/1.12.134/clojurescript-1.12.134.jar!/cljs/analyzer/passes/lite.cljc",1769143103000,"jar:file:/home/err/.m2/repository/org/clojure/clojurescript/1.12.134/clojurescript-1.12.134.jar!/cljs/util.cljc",1769143103000,"jar:file:/home/err/.m2/repository/org/clojure/clojurescript/1.12.134/clojurescript-1.12.134.jar!/cljs/analyzer/impl/namespaces.cljc",1769143103000,"jar:file:/home/err/.m2/repository/org/clojure/clojurescript/1.12.134/clojurescript-1.12.134.jar!/cljs/vendor/clojure/tools/reader/default_data_readers.clj",1769143103000,"jar:file:/home/err/.m2/repository/org/clojure/clojurescript/1.12.134/clojurescript-1.12.134.jar!/cljs/vendor/clojure/tools/reader/reader_types.clj",1769143103000,"jar:file:/home/err/.m2/repository/org/clojure/clojurescript/1.12.134/clojurescript-1.12.134.jar!/cljs/vendor/clojure/data/json.clj",1769143103000,"jar:file:/home/err/.m2/repository/org/clojure/clojurescript/1.12.134/clojurescript-1.12.134.jar!/cljs/analyzer/passes/and_or.cljc",1769143103000,"jar:file:/home/err/.m2/repository/org/clojure/clojure/1.11.1/clojure-1.11.1.jar!/clojure/instant.clj",1758434161000],"~:analyzer",["^ ","^3",null,"^4",["^ "],"^5",["^ ","^6","ECS World - core data structure for entity-component-system architecture","^7","promethean/ecs/world.cljs","^8",1,"^9",5,"^:",1,"^;",25],"^<",["^ ","^=","^>"],"^?",null,"^@",["^A",[]],"^B","^C","^D",["^ "],"^G",null,"^H",["^ ","^I","^I","^J","^I","^K","^K","^L","^L"],"^M",["^A",["^N"]],"^O",null,"~:defs",["^ ","~$set-component",["^ ","~:protocol-inline",null,"^5",["^ ","^7","promethean/ecs/world.cljs","^8",66,"^9",7,"^:",66,"^;",20,"~:arglists",["^R",["~$quote",["^R",[["~$world","~$eid","~$component-key","~$value"]]]]],"^6","Set a specific component on an entity"],"^B","^1S","^7","promethean/ecs/world.cljs","^;",20,"~:method-params",["^R",[["^4G","^4H","^4I","^4J"]]],"~:protocol-impl",null,"~:arglists-meta",["^R",[null,null]],"^9",1,"~:variadic?",false,"^8",66,"~:ret-tag","~$clj","^:",66,"~:max-fixed-arity",4,"~:fn-var",true,"^4E",["^R",["^4F",["^R",[["^4G","^4H","^4I","^4J"]]]]],"^6","Set a specific component on an entity"],"~$World",["^ ","~:num-fields",8,"~:protocols",["^A",["~$cljs.core/IRecord","~$cljs.core/IKVReduce","~$cljs.core/IEquiv","~$cljs.core/IHash","~$cljs.core/ICollection","~$cljs.core/ICounted","~$cljs.core/ISeqable","~$cljs.core/IMeta","~$cljs.core/ICloneable","~$cljs.core/IPrintWithWriter","~$cljs.core/IIterable","~$cljs.core/IWithMeta","~$cljs.core/IAssociative","~$cljs.core/IMap","~$cljs.core/ILookup"]],"^B","^1>","^7","promethean/ecs/world.cljs","^;",17,"~:type",true,"^9",12,"~:internal-ctor",true,"^8",9,"~:record",true,"^:",9,"~:tag","~$function","~:skip-protocol-flag",["^A",["^4V","^4W","^4X","^4Y","^4Z","^4[","^50","^51","^52","^53","^54","^55","^56","^57","^58"]]],"~$->World",["^ ","^4D",null,"^5",["^ ","^7","promethean/ecs/world.cljs","^;",17,"^9",12,"^5:",true,"~:factory","~:positional","^8",9,"^:",9,"^4E",["^R",["^4F",["^R",[["~$tick","~$time-ms","~$entities","~$events-in","~$events-out","~$effects","~$env","~$debug"]]]]],"^6","Positional factory function for promethean.ecs.world/World."],"^B","^1;","^7","promethean/ecs/world.cljs","^;",17,"^4K",["^R",[["^5B","^5C","^5D","^5E","^5F","^5G","^5H","^5I"]]],"^4L",null,"^4M",["^R",[null,null]],"^9",1,"^5:",true,"^4N",false,"^5@","^5A","^8",9,"^4O","^1>","^:",9,"^4Q",8,"^4R",true,"^4E",["^R",["^4F",["^R",[["^5B","^5C","^5D","^5E","^5F","^5G","^5H","^5I"]]]]],"^6","Positional factory function for promethean.ecs.world/World."],"~$emit-event",["^ ","^4D",null,"^5",["^ ","^7","promethean/ecs/world.cljs","^8",75,"^9",7,"^:",75,"^;",17,"^4E",["^R",["^4F",["^R",[["^4G","~$event"]]]]],"^6","Add an event to the output queue"],"^B","^1<","^7","promethean/ecs/world.cljs","^;",17,"^4K",["^R",[["^4G","^5K"]]],"^4L",null,"^4M",["^R",[null,null]],"^9",1,"^4N",false,"^8",75,"^4O","^4P","^:",75,"^4Q",2,"^4R",true,"^4E",["^R",["^4F",["^R",[["^4G","^5K"]]]]],"^6","Add an event to the output queue"],"~$add-entity",["^ ","^4D",null,"^5",["^ ","^7","promethean/ecs/world.cljs","^8",29,"^9",7,"^:",29,"^;",17,"^4E",["^R",["^4F",["^R",[["^4G","^4H","~$components"],["^4G","^4H","~$key","^4J","~$&","~$kvs"]]]]],"^6","Add a new entity to the world","~:top-fn",["^ ","^4N",true,"~:fixed-arity",4,"^4Q",4,"^4K",[["^4G","^4H","^5M"]],"^4E",["^R",[["^4G","^4H","^5M"],["^4G","^4H","^5N","^4J","~$&","^5O"]]],"^4M",["^R",[null,null]]]],"^B","^1T","^7","promethean/ecs/world.cljs","^;",17,"^5P",["^ ","^4N",true,"^5Q",4,"^4Q",4,"^4K",[["^4G","^4H","^5M"]],"^4E",["^R",[["^4G","^4H","^5M"],["^4G","^4H","^5N","^4J","~$&","^5O"]]],"^4M",["^R",[null,null]]],"^4K",[["^4G","^4H","^5M"]],"^4L",null,"^5Q",4,"^4M",["^R",[null,null]],"^9",1,"^4N",true,"~:methods",[["^ ","^5Q",3,"^4N",false,"^5<","^4P"],["^ ","^5Q",4,"^4N",true,"^5<","^4P"]],"^8",29,"^:",29,"^4Q",4,"^4R",true,"^4E",["^R",[["^4G","^4H","^5M"],["^4G","^4H","^5N","^4J","~$&","^5O"]]],"^6","Add a new entity to the world"],"~$advance-tick",["^ ","^4D",null,"^5",["^ ","^7","promethean/ecs/world.cljs","^8",89,"^9",7,"^:",89,"^;",19,"^4E",["^R",["^4F",["^R",[["^4G","~$dt"]]]]],"^6","Advance the world to the next tick"],"^B","^29","^7","promethean/ecs/world.cljs","^;",19,"^4K",["^R",[["^4G","^5T"]]],"^4L",null,"^4M",["^R",[null,null]],"^9",1,"^4N",false,"^8",89,"^4O","^4P","^:",89,"^4Q",2,"^4R",true,"^4E",["^R",["^4F",["^R",[["^4G","^5T"]]]]],"^6","Advance the world to the next tick"],"~$map->World",["^ ","^4D",null,"^5",["^ ","^7","promethean/ecs/world.cljs","^;",17,"^9",12,"^5:",true,"^5@","~:map","^8",9,"^:",9,"^4E",["^R",["^4F",["^R",[["~$G__21389"]]]]],"^6","Factory function for promethean.ecs.world/World, taking a map of keywords to field values."],"^B","^1Z","^7","promethean/ecs/world.cljs","^;",17,"^4K",["^R",[["^5W"]]],"^4L",null,"^4M",["^R",[null,null]],"^9",1,"^5:",true,"^4N",false,"^5@","^5V","^8",9,"^4O","^1>","^:",9,"^4Q",1,"^4R",true,"^4E",["^R",["^4F",["^R",[["^5W"]]]]],"^6","Factory function for promethean.ecs.world/World, taking a map of keywords to field values."],"~$remove-entity",["^ ","^4D",null,"^5",["^ ","^7","promethean/ecs/world.cljs","^8",42,"^9",7,"^:",42,"^;",20,"^4E",["^R",["^4F",["^R",[["^4G","^4H"]]]]],"^6","Remove an entity from the world"],"^B","^1:","^7","promethean/ecs/world.cljs","^;",20,"^4K",["^R",[["^4G","^4H"]]],"^4L",null,"^4M",["^R",[null,null]],"^9",1,"^4N",false,"^8",42,"^4O","^4P","^:",42,"^4Q",2,"^4R",true,"^4E",["^R",["^4F",["^R",[["^4G","^4H"]]]]],"^6","Remove an entity from the world"],"~$get-component",["^ ","^4D",null,"^5",["^ ","^7","promethean/ecs/world.cljs","^8",61,"^9",7,"^:",61,"^;",20,"^4E",["^R",["^4F",["^R",[["^4G","^4H","^4I"]]]]],"^6","Get a specific component from an entity"],"^B","^1O","^7","promethean/ecs/world.cljs","^;",20,"^4K",["^R",[["^4G","^4H","^4I"]]],"^4L",null,"^4M",["^R",[null,null]],"^9",1,"^4N",false,"^8",61,"^4O",["^A",["~$any","~$clj-nil"]],"^:",61,"^4Q",3,"^4R",true,"^4E",["^R",["^4F",["^R",[["^4G","^4H","^4I"]]]]],"^6","Get a specific component from an entity"],"~$entities-with",["^ ","^4D",null,"^5",["^ ","^7","promethean/ecs/world.cljs","^8",47,"^9",7,"^:",47,"^;",20,"^4E",["^R",["^4F",["^R",[["^4G","~$&","~$keys"]]]]],"^6","Find all entity IDs that have all the specified component keys","^5P",["^ ","^4N",true,"^5Q",1,"^4Q",1,"^4K",[["^R",["^4G","^61"]]],"^4E",["^R",[["^4G","~$&","^61"]]],"^4M",["^R",[null]]]],"^B","^22","^7","promethean/ecs/world.cljs","^;",20,"^5P",["^ ","^4N",true,"^5Q",1,"^4Q",1,"^4K",[["^R",["^4G","^61"]]],"^4E",["^R",[["^4G","~$&","^61"]]],"^4M",["^R",[null]]],"^4K",[["^R",["^4G","^61"]]],"^4L",null,"^5Q",1,"^4M",["^R",[null]],"^9",1,"^4N",true,"^5R",[["^ ","^5Q",1,"^4N",true,"^5<","~$cljs.core/LazySeq"]],"^8",47,"^4O","^5Z","^:",47,"^4Q",1,"^4R",true,"^4E",["^R",[["^4G","~$&","^61"]]],"^6","Find all entity IDs that have all the specified component keys"],"~$update-entity",["^ ","^4D",null,"^5",["^ ","^7","promethean/ecs/world.cljs","^8",37,"^9",7,"^:",37,"^;",20,"^4E",["^R",["^4F",["^R",[["^4G","^4H","~$f","~$&","~$args"]]]]],"^6","Update an entity's components","^5P",["^ ","^4N",true,"^5Q",3,"^4Q",3,"^4K",[["^R",["^4G","^4H","~$f","^64"]]],"^4E",["^R",[["^4G","^4H","~$f","~$&","^64"]]],"^4M",["^R",[null]]]],"^B","^2F","^7","promethean/ecs/world.cljs","^;",20,"^5P",["^ ","^4N",true,"^5Q",3,"^4Q",3,"^4K",[["^R",["^4G","^4H","~$f","^64"]]],"^4E",["^R",[["^4G","^4H","~$f","~$&","^64"]]],"^4M",["^R",[null]]],"^4K",[["^R",["^4G","^4H","~$f","^64"]]],"^4L",null,"^5Q",3,"^4M",["^R",[null]],"^9",1,"^4N",true,"^5R",[["^ ","^5Q",3,"^4N",true,"^5<","^4P"]],"^8",37,"^4O","^5Z","^:",37,"^4Q",3,"^4R",true,"^4E",["^R",[["^4G","^4H","~$f","~$&","^64"]]],"^6","Update an entity's components"],"~$empty-world",["^ ","^4D",null,"^5",["^ ","^7","promethean/ecs/world.cljs","^8",19,"^9",7,"^:",19,"^;",18,"^4E",["^R",["^4F",["^R",[[]]]]],"^6","Create an empty world with default values"],"^B","^20","^7","promethean/ecs/world.cljs","^;",18,"^4K",["^R",[[]]],"^4L",null,"^4M",["^R",[null,null]],"^9",1,"^4N",false,"^8",19,"^4O","^1>","^:",19,"^4Q",0,"^4R",true,"^4E",["^R",["^4F",["^R",[[]]]]],"^6","Create an empty world with default values"],"~$emit-effect",["^ ","^4D",null,"^5",["^ ","^7","promethean/ecs/world.cljs","^8",80,"^9",7,"^:",80,"^;",18,"^4E",["^R",["^4F",["^R",[["^4G","~$effect"]]]]],"^6","Add an effect to the execution queue"],"^B","^2>","^7","promethean/ecs/world.cljs","^;",18,"^4K",["^R",[["^4G","^67"]]],"^4L",null,"^4M",["^R",[null,null]],"^9",1,"^4N",false,"^8",80,"^4O","^4P","^:",80,"^4Q",2,"^4R",true,"^4E",["^R",["^4F",["^R",[["^4G","^67"]]]]],"^6","Add an effect to the execution queue"],"~$get-entity",["^ ","^4D",null,"^5",["^ ","^7","promethean/ecs/world.cljs","^8",24,"^9",7,"^:",24,"^;",17,"^4E",["^R",["^4F",["^R",[["^4G","^4H"]]]]],"^6","Get entity by ID, returns nil if not found"],"^B","^2@","^7","promethean/ecs/world.cljs","^;",17,"^4K",["^R",[["^4G","^4H"]]],"^4L",null,"^4M",["^R",[null,null]],"^9",1,"^4N",false,"^8",24,"^4O",["^A",["^5Z","^5["]],"^:",24,"^4Q",2,"^4R",true,"^4E",["^R",["^4F",["^R",[["^4G","^4H"]]]]],"^6","Get entity by ID, returns nil if not found"]],"^P",["^ ","^K","^K"],"~:cljs.analyzer/constants",["^ ","^M",["^A",["~:tick","^5C","~:events-in","~:config","^5B","^5E","~:clients","~:entities","~:debug","~:adapters","~:env","~:events-out","^5D","^5I","^5H","~:effects","^5F","~:time-ms","^5G"]],"~:order",["^6:","^6D","^6>","^6;","^6B","^6C","^6A","^6?","^5B","^5C","^5D","^5E","^5F","^5G","^5H","^5I","^6<","^6=","^6@"]],"^U",["^ ","^N",["^A",[]]],"^V",[],"^W",["^L","^K","^I"]],"^F","^C","~:ns-specs",["^ "],"~:ns-spec-vars",["^A",[]],"~:compiler-options",["^2H",[["^6H","~:static-fns"],true,["~:js-options","~:use-babel"],null,["^6H","~:lite-mode"],null,["^6H","~:shadow-tweaks"],null,["^6H","~:source-map-inline"],null,["^6H","~:shadow-optimize-constants"],null,["^6H","~:elide-asserts"],true,["^6H","~:optimize-constants"],null,["^6H","^10"],null,["^6H","~:external-config"],null,["^6H","~:tooling-config"],null,["^6H","~:emit-constants"],null,["^6H","~:load-tests"],false,["^6H","~:form-size-threshold"],null,["^6H","~:global-goog-object&array"],null,["^6H","~:data-readers"],null,["~:shadow.build/config","~:target"],"~:node-script",["^6H","~:infer-externs"],"~:auto",["^6H","^12"],null,["^6J","~:js-provider"],"^N",["~:mode"],"~:release",["^6H","~:fn-invoke-direct"],null,["^6H","~:elide-to-string"],null,["^6H","~:source-map"],null]]]